<suppressions xmlns="https://jeremylong.github.io/DependencyCheck/dependency-suppression.1.3.xsd">
<suppress>
   <notes><![CDATA[
   file name: jackson-databind-2.13.5.jar
   ]]></notes>
   <packageUrl regex="true">^pkg:maven/com\.fasterxml\.jackson\.core/jackson-databind@.*$</packageUrl>
   <cpe>cpe:/a:fasterxml:jackson-databind</cpe>
</suppress>
<suppress>
   <notes><![CDATA[
   file name: jackson-databind-2.13.5.jar
   ]]></notes>
   <packageUrl regex="true">^pkg:maven/com\.fasterxml\.jackson\.core/jackson-databind@.*$</packageUrl>
   <cpe>cpe:/a:fasterxml:jackson-modules-java8</cpe>
</suppress>
<suppress>
   <notes><![CDATA[
   file name: jackson-databind-2.13.5.jar
   ]]></notes>
   <packageUrl regex="true">^pkg:maven/com\.fasterxml\.jackson\.core/jackson-databind@.*$</packageUrl>
   <cve>CVE-2023-35116</cve>
</suppress>
<suppress>
   <notes><![CDATA[
   file name: json-path-2.7.0.jar
   ]]></notes>
   <packageUrl regex="true">^pkg:maven/com\.jayway\.jsonpath/json-path@.*$</packageUrl>
   <cpe>cpe:/a:json-path:jayway_jsonpath</cpe>
</suppress>
<suppress>
   <notes><![CDATA[
   file name: json-path-2.7.0.jar
   ]]></notes>
   <packageUrl regex="true">^pkg:maven/com\.jayway\.jsonpath/json-path@.*$</packageUrl>
   <vulnerabilityName>CVE-2023-51074</vulnerabilityName>
</suppress>
<suppress>
   <notes><![CDATA[
   file name: logback-classic-1.2.12.jar
   ]]></notes>
   <packageUrl regex="true">^pkg:maven/ch\.qos\.logback/logback-classic@.*$</packageUrl>
   <cpe>cpe:/a:qos:logback</cpe>
</suppress>
<suppress>
   <notes><![CDATA[
   file name: logback-classic-1.2.12.jar
   ]]></notes>
   <packageUrl regex="true">^pkg:maven/ch\.qos\.logback/logback-classic@.*$</packageUrl>
   <cve>CVE-2023-6481</cve>
</suppress>
<suppress>
   <notes><![CDATA[
   file name: logback-classic-1.2.12.jar
   ]]></notes>
   <packageUrl regex="true">^pkg:maven/ch\.qos\.logback/logback-classic@.*$</packageUrl>
   <vulnerabilityName>CVE-2023-6378</vulnerabilityName>
</suppress>
<suppress>
   <notes><![CDATA[
   file name: logback-core-1.2.12.jar
   ]]></notes>
   <packageUrl regex="true">^pkg:maven/ch\.qos\.logback/logback-core@.*$</packageUrl>
   <cpe>cpe:/a:qos:logback</cpe>
</suppress>
<suppress>
   <notes><![CDATA[
   file name: logback-core-1.2.12.jar
   ]]></notes>
   <packageUrl regex="true">^pkg:maven/ch\.qos\.logback/logback-core@.*$</packageUrl>
   <cve>CVE-2023-6378</cve>
</suppress>
<suppress>
   <notes><![CDATA[
   file name: logback-core-1.2.12.jar
   ]]></notes>
   <packageUrl regex="true">^pkg:maven/ch\.qos\.logback/logback-core@.*$</packageUrl>
   <cve>CVE-2023-6481</cve>
</suppress>
<suppress>
   <notes><![CDATA[
   file name: logback-core-1.2.12.jar
   ]]></notes>
   <packageUrl regex="true">^pkg:maven/ch\.qos\.logback/logback-core@.*$</packageUrl>
   <vulnerabilityName>CVE-2024-12798</vulnerabilityName>
</suppress>
<suppress>
   <notes><![CDATA[
   file name: logback-core-1.2.12.jar
   ]]></notes>
   <packageUrl regex="true">^pkg:maven/ch\.qos\.logback/logback-core@.*$</packageUrl>
   <vulnerabilityName>CVE-2024-12801</vulnerabilityName>
</suppress>
<suppress>
   <notes><![CDATA[
   file name: snakeyaml-1.30.jar
   ]]></notes>
   <packageUrl regex="true">^pkg:maven/org\.yaml/snakeyaml@.*$</packageUrl>
   <cpe>cpe:/a:snakeyaml_project:snakeyaml</cpe>
</suppress>
<suppress>
   <notes><![CDATA[
   file name: snakeyaml-1.30.jar
   ]]></notes>
   <packageUrl regex="true">^pkg:maven/org\.yaml/snakeyaml@.*$</packageUrl>
   <cve>CVE-2022-1471</cve>
</suppress>
<suppress>
   <notes><![CDATA[
   file name: snakeyaml-1.30.jar
   ]]></notes>
   <packageUrl regex="true">^pkg:maven/org\.yaml/snakeyaml@.*$</packageUrl>
   <cve>CVE-2022-25857</cve>
</suppress>
<suppress>
   <notes><![CDATA[
   file name: snakeyaml-1.30.jar
   ]]></notes>
   <packageUrl regex="true">^pkg:maven/org\.yaml/snakeyaml@.*$</packageUrl>
   <cve>CVE-2022-38749</cve>
</suppress>
<suppress>
   <notes><![CDATA[
   file name: snakeyaml-1.30.jar
   ]]></notes>
   <packageUrl regex="true">^pkg:maven/org\.yaml/snakeyaml@.*$</packageUrl>
   <cve>CVE-2022-38751</cve>
</suppress>
<suppress>
   <notes><![CDATA[
   file name: snakeyaml-1.30.jar
   ]]></notes>
   <packageUrl regex="true">^pkg:maven/org\.yaml/snakeyaml@.*$</packageUrl>
   <cve>CVE-2022-38752</cve>
</suppress>
<suppress>
   <notes><![CDATA[
   file name: snakeyaml-1.30.jar
   ]]></notes>
   <packageUrl regex="true">^pkg:maven/org\.yaml/snakeyaml@.*$</packageUrl>
   <cve>CVE-2022-41854</cve>
</suppress>
<suppress>
   <notes><![CDATA[
   file name: snakeyaml-1.30.jar
   ]]></notes>
   <packageUrl regex="true">^pkg:maven/org\.yaml/snakeyaml@.*$</packageUrl>
   <cve>CVE-2022-38750</cve>
</suppress>
<suppress>
   <notes><![CDATA[
   file name: spring-core-5.3.31.jar
   ]]></notes>
   <packageUrl regex="true">^pkg:maven/org\.springframework/spring-core@.*$</packageUrl>
   <cpe>cpe:/a:pivotal_software:spring_framework</cpe>
</suppress>
<suppress>
   <notes><![CDATA[
   file name: spring-core-5.3.31.jar
   ]]></notes>
   <packageUrl regex="true">^pkg:maven/org\.springframework/spring-core@.*$</packageUrl>
   <cpe>cpe:/a:springsource:spring_framework</cpe>
</suppress>
<suppress>
   <notes><![CDATA[
   file name: spring-core-5.3.31.jar
   ]]></notes>
   <packageUrl regex="true">^pkg:maven/org\.springframework/spring-core@.*$</packageUrl>
   <cpe>cpe:/a:vmware:spring_framework</cpe>
</suppress>
<suppress>
   <notes><![CDATA[
   file name: spring-core-5.3.31.jar
   ]]></notes>
   <packageUrl regex="true">^pkg:maven/org\.springframework/spring-core@.*$</packageUrl>
   <cve>CVE-2024-38820</cve>
</suppress>
<suppress>
   <notes><![CDATA[
   file name: spring-expression-5.3.31.jar
   ]]></notes>
   <packageUrl regex="true">^pkg:maven/org\.springframework/spring-expression@.*$</packageUrl>
   <cpe>cpe:/a:pivotal_software:spring_framework</cpe>
</suppress>
<suppress>
   <notes><![CDATA[
   file name: spring-expression-5.3.31.jar
   ]]></notes>
   <packageUrl regex="true">^pkg:maven/org\.springframework/spring-expression@.*$</packageUrl>
   <cpe>cpe:/a:springsource:spring_framework</cpe>
</suppress>
<suppress>
   <notes><![CDATA[
   file name: spring-expression-5.3.31.jar
   ]]></notes>
   <packageUrl regex="true">^pkg:maven/org\.springframework/spring-expression@.*$</packageUrl>
   <cpe>cpe:/a:vmware:spring_framework</cpe>
</suppress>
<suppress>
   <notes><![CDATA[
   file name: spring-expression-5.3.31.jar
   ]]></notes>
   <packageUrl regex="true">^pkg:maven/org\.springframework/spring-expression@.*$</packageUrl>
   <vulnerabilityName>CVE-2024-38808</vulnerabilityName>
</suppress>
<suppress>
   <notes><![CDATA[
   file name: spring-expression-5.3.31.jar
   ]]></notes>
   <packageUrl regex="true">^pkg:maven/org\.springframework/spring-expression@.*$</packageUrl>
   <cve>CVE-2024-38820</cve>
</suppress>
<suppress>
   <notes><![CDATA[
   file name: spring-web-5.3.31.jar
   ]]></notes>
   <packageUrl regex="true">^pkg:maven/org\.springframework/spring-web@.*$</packageUrl>
   <cpe>cpe:/a:pivotal_software:spring_framework</cpe>
</suppress>
<suppress>
   <notes><![CDATA[
   file name: spring-web-5.3.31.jar
   ]]></notes>
   <packageUrl regex="true">^pkg:maven/org\.springframework/spring-web@.*$</packageUrl>
   <cpe>cpe:/a:springsource:spring_framework</cpe>
</suppress>
<suppress>
   <notes><![CDATA[
   file name: spring-web-5.3.31.jar
   ]]></notes>
   <packageUrl regex="true">^pkg:maven/org\.springframework/spring-web@.*$</packageUrl>
   <cpe>cpe:/a:vmware:spring_framework</cpe>
</suppress>
<suppress>
   <notes><![CDATA[
   file name: spring-web-5.3.31.jar
   ]]></notes>
   <packageUrl regex="true">^pkg:maven/org\.springframework/spring-web@.*$</packageUrl>
   <cpe>cpe:/a:web_project:web</cpe>
</suppress>
<suppress>
   <notes><![CDATA[
   file name: spring-web-5.3.31.jar
   ]]></notes>
   <packageUrl regex="true">^pkg:maven/org\.springframework/spring-web@.*$</packageUrl>
   <cve>CVE-2016-1000027</cve>
</suppress>
<suppress>
   <notes><![CDATA[
   file name: spring-web-5.3.31.jar
   ]]></notes>
   <packageUrl regex="true">^pkg:maven/org\.springframework/spring-web@.*$</packageUrl>
   <vulnerabilityName>CVE-2024-38809</vulnerabilityName>
</suppress>
<suppress>
   <notes><![CDATA[
   file name: spring-web-5.3.31.jar
   ]]></notes>
   <packageUrl regex="true">^pkg:maven/org\.springframework/spring-web@.*$</packageUrl>
   <vulnerabilityName>CVE-2024-22243</vulnerabilityName>
</suppress>
<suppress>
   <notes><![CDATA[
   file name: spring-web-5.3.31.jar
   ]]></notes>
   <packageUrl regex="true">^pkg:maven/org\.springframework/spring-web@.*$</packageUrl>
   <vulnerabilityName>CVE-2024-22262</vulnerabilityName>
</suppress>
<suppress>
   <notes><![CDATA[
   file name: spring-web-5.3.31.jar
   ]]></notes>
   <packageUrl regex="true">^pkg:maven/org\.springframework/spring-web@.*$</packageUrl>
   <vulnerabilityName>CVE-2024-38828</vulnerabilityName>
</suppress>
<suppress>
   <notes><![CDATA[
   file name: spring-web-5.3.31.jar
   ]]></notes>
   <packageUrl regex="true">^pkg:maven/org\.springframework/spring-web@.*$</packageUrl>
   <cve>CVE-2024-38820</cve>
</suppress>
<suppress>
   <notes><![CDATA[
   file name: spring-webmvc-5.3.31.jar
   ]]></notes>
   <packageUrl regex="true">^pkg:maven/org\.springframework/spring-webmvc@.*$</packageUrl>
   <cpe>cpe:/a:pivotal_software:spring_framework</cpe>
</suppress>
<suppress>
   <notes><![CDATA[
   file name: spring-webmvc-5.3.31.jar
   ]]></notes>
   <packageUrl regex="true">^pkg:maven/org\.springframework/spring-webmvc@.*$</packageUrl>
   <cpe>cpe:/a:springsource:spring_framework</cpe>
</suppress>
<suppress>
   <notes><![CDATA[
   file name: spring-webmvc-5.3.31.jar
   ]]></notes>
   <packageUrl regex="true">^pkg:maven/org\.springframework/spring-webmvc@.*$</packageUrl>
   <cpe>cpe:/a:vmware:spring_framework</cpe>
</suppress>
<suppress>
   <notes><![CDATA[
   file name: spring-webmvc-5.3.31.jar
   ]]></notes>
   <packageUrl regex="true">^pkg:maven/org\.springframework/spring-webmvc@.*$</packageUrl>
   <cpe>cpe:/a:web_project:web</cpe>
</suppress>
<suppress>
   <notes><![CDATA[
   file name: spring-webmvc-5.3.31.jar
   ]]></notes>
   <packageUrl regex="true">^pkg:maven/org\.springframework/spring-webmvc@.*$</packageUrl>
   <vulnerabilityName>CVE-2024-38816</vulnerabilityName>
</suppress>
<suppress>
   <notes><![CDATA[
   file name: spring-webmvc-5.3.31.jar
   ]]></notes>
   <packageUrl regex="true">^pkg:maven/org\.springframework/spring-webmvc@.*$</packageUrl>
   <cve>CVE-2024-38820</cve>
</suppress>
<suppress>
   <notes><![CDATA[
   file name: tomcat-embed-core-9.0.83.jar
   ]]></notes>
   <packageUrl regex="true">^pkg:maven/org\.apache\.tomcat\.embed/tomcat-embed-core@.*$</packageUrl>
   <cpe>cpe:/a:apache:tomcat</cpe>
</suppress>
<suppress>
   <notes><![CDATA[
   file name: tomcat-embed-core-9.0.83.jar
   ]]></notes>
   <packageUrl regex="true">^pkg:maven/org\.apache\.tomcat\.embed/tomcat-embed-core@.*$</packageUrl>
   <cpe>cpe:/a:apache_tomcat:apache_tomcat</cpe>
</suppress>
<suppress>
   <notes><![CDATA[
   file name: tomcat-embed-core-9.0.83.jar
   ]]></notes>
   <packageUrl regex="true">^pkg:maven/org\.apache\.tomcat\.embed/tomcat-embed-core@.*$</packageUrl>
   <cve>CVE-2024-38286</cve>
</suppress>
<suppress>
   <notes><![CDATA[
   file name: spring-tx-5.3.31.jar
   ]]></notes>
   <packageUrl regex="true">^pkg:maven/org\.springframework/spring-tx@.*$</packageUrl>
   <cpe>cpe:/a:pivotal_software:spring_framework</cpe>
</suppress>
<suppress>
   <notes><![CDATA[
   file name: spring-tx-5.3.31.jar
   ]]></notes>
   <packageUrl regex="true">^pkg:maven/org\.springframework/spring-tx@.*$</packageUrl>
   <cpe>cpe:/a:springsource:spring_framework</cpe>
</suppress>
<suppress>
   <notes><![CDATA[
   file name: spring-tx-5.3.31.jar
   ]]></notes>
   <packageUrl regex="true">^pkg:maven/org\.springframework/spring-tx@.*$</packageUrl>
   <cpe>cpe:/a:vmware:spring_framework</cpe>
</suppress>
<suppress>
   <notes><![CDATA[
   file name: spring-tx-5.3.31.jar
   ]]></notes>
   <packageUrl regex="true">^pkg:maven/org\.springframework/spring-tx@.*$</packageUrl>
   <cve>CVE-2024-38820</cve>
</suppress>
<suppress>
   <notes><![CDATA[
   file name: tomcat-embed-websocket-9.0.83.jar
   ]]></notes>
   <packageUrl regex="true">^pkg:maven/org\.apache\.tomcat\.embed/tomcat-embed-websocket@.*$</packageUrl>
   <cpe>cpe:/a:apache:tomcat</cpe>
</suppress>
<suppress>
   <notes><![CDATA[
   file name: tomcat-embed-websocket-9.0.83.jar
   ]]></notes>
   <packageUrl regex="true">^pkg:maven/org\.apache\.tomcat\.embed/tomcat-embed-websocket@.*$</packageUrl>
   <cpe>cpe:/a:apache_tomcat:apache_tomcat</cpe>
</suppress>
<suppress>
   <notes><![CDATA[
   file name: tomcat-embed-websocket-9.0.83.jar
   ]]></notes>
   <packageUrl regex="true">^pkg:maven/org\.apache\.tomcat\.embed/tomcat-embed-websocket@.*$</packageUrl>
   <cve>CVE-2024-38286</cve>
</suppress>
<suppress>
   <notes><![CDATA[
   file name: spring-aop-5.3.31.jar
   ]]></notes>
   <packageUrl regex="true">^pkg:maven/org\.springframework/spring-aop@.*$</packageUrl>
   <cpe>cpe:/a:pivotal_software:spring_framework</cpe>
</suppress>
<suppress>
   <notes><![CDATA[
   file name: spring-aop-5.3.31.jar
   ]]></notes>
   <packageUrl regex="true">^pkg:maven/org\.springframework/spring-aop@.*$</packageUrl>
   <cpe>cpe:/a:springsource:spring_framework</cpe>
</suppress>
<suppress>
   <notes><![CDATA[
   file name: spring-aop-5.3.31.jar
   ]]></notes>
   <packageUrl regex="true">^pkg:maven/org\.springframework/spring-aop@.*$</packageUrl>
   <cpe>cpe:/a:vmware:spring_framework</cpe>
</suppress>
<suppress>
   <notes><![CDATA[
   file name: spring-aop-5.3.31.jar
   ]]></notes>
   <packageUrl regex="true">^pkg:maven/org\.springframework/spring-aop@.*$</packageUrl>
   <cve>CVE-2024-38820</cve>
</suppress>
<suppress>
   <notes><![CDATA[
   file name: spring-jcl-5.3.31.jar
   ]]></notes>
   <packageUrl regex="true">^pkg:maven/org\.springframework/spring-jcl@.*$</packageUrl>
   <cpe>cpe:/a:pivotal_software:spring_framework</cpe>
</suppress>
<suppress>
   <notes><![CDATA[
   file name: spring-jcl-5.3.31.jar
   ]]></notes>
   <packageUrl regex="true">^pkg:maven/org\.springframework/spring-jcl@.*$</packageUrl>
   <cpe>cpe:/a:springsource:spring_framework</cpe>
</suppress>
<suppress>
   <notes><![CDATA[
   file name: spring-jcl-5.3.31.jar
   ]]></notes>
   <packageUrl regex="true">^pkg:maven/org\.springframework/spring-jcl@.*$</packageUrl>
   <cpe>cpe:/a:vmware:spring_framework</cpe>
</suppress>
<suppress>
   <notes><![CDATA[
   file name: spring-jcl-5.3.31.jar
   ]]></notes>
   <packageUrl regex="true">^pkg:maven/org\.springframework/spring-jcl@.*$</packageUrl>
   <cve>CVE-2024-38820</cve>
</suppress>
<suppress>
   <notes><![CDATA[
   file name: spring-beans-5.3.31.jar
   ]]></notes>
   <packageUrl regex="true">^pkg:maven/org\.springframework/spring-beans@.*$</packageUrl>
   <cpe>cpe:/a:pivotal_software:spring_framework</cpe>
</suppress>
<suppress>
   <notes><![CDATA[
   file name: spring-beans-5.3.31.jar
   ]]></notes>
   <packageUrl regex="true">^pkg:maven/org\.springframework/spring-beans@.*$</packageUrl>
   <cpe>cpe:/a:springsource:spring_framework</cpe>
</suppress>
<suppress>
   <notes><![CDATA[
   file name: spring-beans-5.3.31.jar
   ]]></notes>
   <packageUrl regex="true">^pkg:maven/org\.springframework/spring-beans@.*$</packageUrl>
   <cpe>cpe:/a:vmware:spring_framework</cpe>
</suppress>
<suppress>
   <notes><![CDATA[
   file name: spring-beans-5.3.31.jar
   ]]></notes>
   <packageUrl regex="true">^pkg:maven/org\.springframework/spring-beans@.*$</packageUrl>
   <cve>CVE-2024-38820</cve>
</suppress>
<suppress>
   <notes><![CDATA[
   file name: spring-context-5.3.31.jar
   ]]></notes>
   <packageUrl regex="true">^pkg:maven/org\.springframework/spring-context@.*$</packageUrl>
   <cpe>cpe:/a:pivotal_software:spring_framework</cpe>
</suppress>
<suppress>
   <notes><![CDATA[
   file name: spring-context-5.3.31.jar
   ]]></notes>
   <packageUrl regex="true">^pkg:maven/org\.springframework/spring-context@.*$</packageUrl>
   <cpe>cpe:/a:springsource:spring_framework</cpe>
</suppress>
<suppress>
   <notes><![CDATA[
   file name: spring-context-5.3.31.jar
   ]]></notes>
   <packageUrl regex="true">^pkg:maven/org\.springframework/spring-context@.*$</packageUrl>
   <cpe>cpe:/a:vmware:spring_framework</cpe>
</suppress>
<suppress>
   <notes><![CDATA[
   file name: spring-context-5.3.31.jar
   ]]></notes>
   <packageUrl regex="true">^pkg:maven/org\.springframework/spring-context@.*$</packageUrl>
   <cve>CVE-2024-38820</cve>
</suppress>
</suppressions>